<?xml version="1.0"?>
<doc>
    <assembly>
        <name>ApiCatalogo</name>
    </assembly>
    <members>
        <member name="M:ApiCatalogo.Controllers.AutorizaController.RegisterUser(ApiCatalogo.DTOs.UsuarioDTO)">
            <summary>
            Registra um novo usuário
            </summary>
            <param name="model">Um objeto UsuarioDTO</param>
            <returns>Status 200 e o token para o cliente</returns>
        </member>
        <member name="M:ApiCatalogo.Controllers.AutorizaController.Login(ApiCatalogo.DTOs.UsuarioDTO)">
            <summary>
            Verifica as credenciais de um usuário
            </summary>
            <param name="userInfo">Um objeot do tipo UsuarioDTO</param>
            <returns>Status 200 e o token para o cliente</returns>
            <remarks>retorna o Status 200 e o token para  novo</remarks>
        </member>
        <member name="M:ApiCatalogo.Controllers.CategoriasController.GetCategoriasProdutos">
            <summary>
            Obtém os produtos relacionados para cada categoria
            </summary>
            <returns>Objetos Categoria e respectivo Objetos Produtos</returns>
        </member>
        <member name="M:ApiCatalogo.Controllers.CategoriasController.Get">
            <summary>
            Retorna uma coleção de objetos Categoria
            </summary>
            <returns>Lista de Categorias</returns>
        </member>
        <member name="M:ApiCatalogo.Controllers.CategoriasController.Get(System.Int32)">
            <summary>
            Obtem uma Categoria pelo seu Id
            </summary>
            <param name="id">codigo do categoria</param>
            <returns>Objetos Categoria</returns>
        </member>
        <member name="M:ApiCatalogo.Controllers.CategoriasController.Post(ApiCatalogo.DTOs.CategoriaDTO)">
             <summary>
             Inclui uma nova categoria
             </summary>
             <remarks>
             Exemplo de request:
            
                 POST api/categorias
                 {
                    "nome": "categoria1",
                    "imagemUrl": "http://teste.net/1.jpg"
                 }
             </remarks>
             <param name="categoriaDto">objeto Categoria</param>
             <returns>O objeto Categoria incluida</returns>
             <remarks>Retorna um objeto Categoria incluído</remarks>
        </member>
        <member name="M:ApiCatalogo.Controllers.ClienteController.Get">
            <summary>
            Retorna uma coleção de objetos Cliente
            </summary>
            <returns>Lista de Clientes</returns>
        </member>
        <member name="M:ApiCatalogo.Controllers.ClienteController.Get(System.Int32)">
            <summary>
            Obtem uma Cliente pelo seu Id
            </summary>
            <param name="id">codigo do cliente</param>
            <returns>Objetos cliente</returns>
        </member>
        <member name="M:ApiCatalogo.Controllers.ClienteController.Post(ApiCatalogo.DTOs.ClienteDTO)">
             <summary>
             Inclui um novo cliente
             </summary>
             <remarks>
             Exemplo de request:
            
                 POST api/cliente
                 {
                    "nome": "categoria1",
                    "imagemUrl": "http://teste.net/1.jpg"
                 }
             </remarks>
             <param name="clienteDto">objeto Cliente</param>
             <returns>O objeto Cliente incluida</returns>
             <remarks>Retorna um objeto Cliente incluído</remarks>
        </member>
        <member name="M:ApiCatalogo.Controllers.ProdutosController.GetProdutosPrecos">
            <summary>
            Obtém os produtos ordenados por preço na ordem ascendente
            </summary>
            <returns>Lista de objetos Produtos ordenados por preço</returns>
        </member>
        <member name="M:ApiCatalogo.Controllers.ProdutosController.Get">
            <summary>
            Exibe uma relação dos produtos
            </summary>
            <returns>Retorna uma lista de objetos Produto</returns>
        </member>
        <member name="M:ApiCatalogo.Controllers.ProdutosController.Get(System.Int32)">
            <summary>
            Obtem um produto pelo seu identificador produtoId
            </summary>
            <param name="id">Código do produto</param>
            <returns>Um objeto Produto</returns>
        </member>
        <member name="M:ApiCatalogo.Controllers.ProdutosController.Put(System.Int32,ApiCatalogo.DTOs.ProdutoDTO)">
            <summary>
            Atualiza um produto pelo id
            </summary>
            <param name="id"></param>
            <param name="produtoDto"></param>
            <returns></returns>
        </member>
    </members>
</doc>
